Categoria;Tipologia;Nome;Disponibilità;Sesso;Taglie;Colore;Prezzo
Kit Da Gara;Maglia; Milan Home 2024/25;SI;Uomo;XS;Rosso e Nero;95.0
Kit Da Gara;Maglia; Milan Home 2024/25;SI;Uomo;S;Rosso e Nero;95.0
Kit Da Gara;Maglia; Milan Home 2024/25;SI;Uomo;M;Rosso e Nero;95.0
Kit Da Gara;Maglia; Milan Home 2024/25;SI;Uomo; L;Rosso e Nero;95.0
Kit Da Gara;Maglia; Milan Home 2024/25;SI;Uomo; XL;Rosso e Nero;95.0
Kit Da Gara;Maglia; Milan Home 2024/25;SI;Uomo; XXL;Rosso e Nero;95.0
Kit Da Gara;Maglia; Milan Home 2024/25;SI;Donna;XS;Rosso e Nero;95.0
Kit Da Gara;Maglia; Milan Home 2024/25;SI;Donna;S;Rosso e Nero;95.0
Kit Da Gara;Maglia; Milan Home 2024/25;SI;Donna;M;Rosso e Nero;95.0
Kit Da Gara;Maglia; Milan Home 2024/25;SI;Donna;L;Rosso e Nero;95.0
Kit Da Gara;Maglia; Milan Home 2024/25;SI;Donna;XL;Rosso e Nero;95.0
Kit Da Gara;Maglia; Milan Home 2024/25;SI;Donna;XXL;Rosso e Nero;95.0
Kit Da Gara;Maglia; Milan Home 2024/25;SI;Bambino;6 anni;Rosso e Nero;75.0
Kit Da Gara;Maglia; Milan Home 2024/25;SI;Bambino;8 anni;Rosso e Nero;75.0
Kit Da Gara;Maglia; Milan Home 2024/25;SI;Bambino;10 anni;Rosso e Nero;75.0
Kit Da Gara;Maglia; Milan Home 2024/25;SI;Bambino;12 anni;Rosso e Nero;75.0
Kit Da Gara;Maglia; Milan Home 2024/25;SI;Bambino;14 anni;Rosso e Nero;75.0
Kit Da Gara;Maglia; Milan Home Authentic 2024/25;SI;Uomo;XS;Rosso e Nero;140.0
Kit Da Gara;Maglia; Milan Home Authentic 2024/25;SI;Uomo;S;Rosso e Nero;140.0
Kit Da Gara;Maglia; Milan Home Authentic 2024/25;SI;Uomo;M;Rosso e Nero;140.0
Kit Da Gara;Maglia; Milan Home Authentic 2024/25;SI;Uomo;L;Rosso e Nero;140.0
Kit Da Gara;Maglia; Milan Home Authentic 2024/25;SI;Uomo;XL;Rosso e Nero;140.0
Kit Da Gara;Maglia; Milan Home Authentic 2024/25;SI;Uomo;XXL;Rosso e Nero;140.0
Kit Da Gara;Maglia; Milan Home Away 2024/25;SI;Uomo;XS;Bianca;95.0
Kit Da Gara;Maglia; Milan Home Away 2024/25;SI;Uomo;S;Bianca;95.0
Kit Da Gara;Maglia; Milan Home Away 2024/25;SI;Uomo;M;Bianca;95.0
Kit Da Gara;Maglia; Milan Home Away 2024/25;SI;Uomo;L;Bianca;95.0
Kit Da Gara;Maglia; Milan Home Away 2024/25;SI;Uomo;XL;Bianca;95.0
Kit Da Gara;Maglia; Milan Home Away 2024/25;SI;Uomo;XXL;Bianca;95.0
Kit Da Gara;Maglia; Milan Home Away 2024/25;SI;Donna;XS;Bianca;95.0
Kit Da Gara;Maglia; Milan Home Away 2024/25;SI;Donna;S;Bianca;95.0
Kit Da Gara;Maglia; Milan Home Away 2024/25;SI;Donna;M;Bianca;95.0
Kit Da Gara;Maglia; Milan Home Away 2024/25;SI;Donna;L;Bianca;95.0
Kit Da Gara;Maglia; Milan Home Away 2024/25;SI;Donna;XL;Bianca;95.0
Kit Da Gara;Maglia; Milan Home Away 2024/25;SI;Donna;XXL;Bianca;95.0
Kit Da Gara;Maglia; Milan Home Away 2024/25;SI;Bambino;6 anni;Bianca;75.0
Kit Da Gara;Maglia; Milan Home Away 2024/25;SI;Bambino;8 anni;Bianca;75.0
Kit Da Gara;Maglia; Milan Home Away 2024/25;SI;Bambino;10 anni;Bianca;75.0
Kit Da Gara;Maglia; Milan Home Away 2024/25;SI;Bambino;12 anni;Bianca;75.0
Kit Da Gara;Maglia; Milan Home Away 2024/25;SI;Bambino;14 anni;Bianca;75.0
Kit Da Gara;Maglia; Milan Home  Away Authentic 2024/25;SI;Uomo;XS;Bianca;140.0
Kit Da Gara;Maglia; Milan Home  Away Authentic 2024/25;SI;Uomo;S;Bianca;140.0
Kit Da Gara;Maglia; Milan Home  Away Authentic 2024/25;SI;Uomo;M;Bianca;140.0
Kit Da Gara;Maglia; Milan Home  Away Authentic 2024/25;SI;Uomo;L;Bianca;140.0
Kit Da Gara;Maglia; Milan Home  Away Authentic 2024/25;SI;Uomo;XL;Bianca;140.0
Kit Da Gara;Maglia; Milan Home  Away Authentic 2024/25;SI;Uomo;XXL;Bianca;140.0
Kit Da Gara;Maglia; Milan Home Third 2024/25;SI;Uomo;XS;Grey;95.0
Kit Da Gara;Maglia; Milan Home Third 2024/25;SI;Uomo;S;Grey;95.0
Kit Da Gara;Maglia; Milan Home Third 2024/25;SI;Uomo;M;Grey;95.0
Kit Da Gara;Maglia; Milan Home Third 2024/25;SI;Uomo;L;Grey;95.0
Kit Da Gara;Maglia; Milan Home Third 2024/25;SI;Uomo;XL;Grey;95.0
Kit Da Gara;Maglia; Milan Home Third 2024/25;SI;Uomo;XXL;Grey;95.0
Kit Da Gara;Maglia; Milan Home Third 2024/25;SI;Donna;XS;Grey;95.0
Kit Da Gara;Maglia; Milan Home Third 2024/25;SI;Donna;S;Grey;95.0
Kit Da Gara;Maglia; Milan Home Third 2024/25;SI;Donna;M;Grey;95.0
Kit Da Gara;Maglia; Milan Home Third 2024/25;SI;Donna;L;Grey;95.0
Kit Da Gara;Maglia; Milan Home Third 2024/25;SI;Donna;XL;Grey;95.0
Kit Da Gara;Maglia; Milan Home Third 2024/25;SI;Donna;XXL;Grey;95.0
Kit Da Gara;Maglia; Milan Home Third 2024/25;SI;Bambino;6 anni;Grey;75.0
Kit Da Gara;Maglia; Milan Home Third 2024/25;SI;Bambino;8 anni;Grey;75.0
Kit Da Gara;Maglia; Milan Home Third 2024/25;SI;Bambino;10 anni;Grey;75.0
Kit Da Gara;Maglia; Milan Home Third 2024/25;SI;Bambino;12 anni;Grey;75.0
Kit Da Gara;Maglia; Milan Home Third 2024/25;SI;Bambino;14 anni;Grey;75.0
Kit Da Gara;Maglia;Milan Home  Third Authentic 2024/25;SI;Uomo;XS;Grey;140.0
Kit Da Gara;Maglia;Milan Home  Third Authentic 2024/25;SI;Uomo;S;Grey;140.0
Kit Da Gara;Maglia;Milan Home  Third Authentic 2024/25;SI;Uomo;M;Grey;140.0
Kit Da Gara;Maglia;Milan Home  Third Authentic 2024/25;SI;Uomo;L;Grey;140.0
Kit Da Gara;Maglia;Milan Home  Third Authentic 2024/25;SI;Uomo;XL;Grey;140.0
Kit Da Gara;Maglia;Milan Home  Third Authentic 2024/25;SI;Uomo;XXL;Grey;140.0
Kit Da Gara;Maglia; Milan Home Portiere 2024/25;SI;Uomo;XS;Nero;95.0
Kit Da Gara;Maglia; Milan Home Portiere 2024/25;SI;Uomo;S;Nero;95.0
Kit Da Gara;Maglia; Milan Home Portiere 2024/25;SI;Uomo;M;Nero;95.0
Kit Da Gara;Maglia; Milan Home Portiere 2024/25;SI;Uomo;L;Nero;95.0
Kit Da Gara;Maglia; Milan Home Portiere 2024/25;SI;Uomo;XL;Nero;95.0
Kit Da Gara;Maglia; Milan Home Portiere 2024/25;SI;Uomo;XXL;Nero;95.0
Kit Da Gara;Maglia; Milan Home Portiere 2024/25;SI;Donna;XS;Nero;95.0
Kit Da Gara;Maglia; Milan Home Portiere 2024/25;SI;Donna;S;Nero;95.0
Kit Da Gara;Maglia; Milan Home Portiere 2024/25;SI;Donna;M;Nero;95.0
Kit Da Gara;Maglia; Milan Home Portiere 2024/25;SI;Donna;L;Nero;95.0
Kit Da Gara;Maglia; Milan Home Portiere 2024/25;SI;Donna;XL;Nero;95.0
Kit Da Gara;Maglia; Milan Home Portiere 2024/25;SI;Donna;XXL;Nero;95.0
Kit Da Gara;Maglia; Milan Home Portiere 2024/25;SI;Bambino;6 anni;Nero;75.0
Kit Da Gara;Maglia; Milan Home Portiere 2024/25;SI;Bambino;8 anni;Nero;75.0
Kit Da Gara;Maglia; Milan Home Portiere 2024/25;SI;Bambino;10 anni;Nero;75.0
Kit Da Gara;Maglia; Milan Home Portiere 2024/25;SI;Bambino;12 anni;Nero;75.0
Kit Da Gara;Maglia; Milan Home Portiere 2024/25;SI;Bambino;14 anni;Nero;75.0
Kit Da Gara;Maglia; Milan Home Portiere Away 2024/25;SI;Uomo;XS;Giallo;95.0
Kit Da Gara;Maglia; Milan Home Portiere Away 2024/25;SI;Uomo;S;Giallo;95.0
Kit Da Gara;Maglia; Milan Home Portiere Away 2024/25;SI;Uomo;M;Giallo;95.0
Kit Da Gara;Maglia; Milan Home Portiere Away 2024/25;SI;Uomo;L;Giallo;95.0
Kit Da Gara;Maglia; Milan Home Portiere Away 2024/25;SI;Uomo;XL;Giallo;95.0
Kit Da Gara;Maglia; Milan Home Portiere Away 2024/25;SI;Uomo;XXL;Giallo;95.0
Kit Da Gara;Maglia; Milan Home Portiere Away 2024/25;SI;Donna;XS;Giallo;95.0
Kit Da Gara;Maglia; Milan Home Portiere Away 2024/25;SI;Donna;S;Giallo;95.0
Kit Da Gara;Maglia; Milan Home Portiere Away 2024/25;SI;Donna;M;Giallo;95.0
Kit Da Gara;Maglia; Milan Home Portiere Away 2024/25;SI;Donna;L;Giallo;95.0
Kit Da Gara;Maglia; Milan Home Portiere Away 2024/25;SI;Donna;XL;Giallo;95.0
Kit Da Gara;Maglia; Milan Home Portiere Away 2024/25;SI;Donna;XXL;Giallo;95.0
Kit Da Gara;Maglia; Milan Home Portiere Away 2024/25;SI;Bambino;6 anni;Giallo;75.0
Kit Da Gara;Maglia; Milan Home Portiere Away 2024/25;SI;Bambino;8 anni;Giallo;75.0
Kit Da Gara;Maglia; Milan Home Portiere Away 2024/25;SI;Bambino;10 anni;Giallo;75.0
Kit Da Gara;Maglia; Milan Home Portiere Away 2024/25;SI;Bambino;12 anni;Giallo;75.0
Kit Da Gara;Maglia; Milan Home Portiere Away 2024/25;SI;Bambino;14 anni;Giallo;75.0
Kit Da Gara;Maglia; Milan Home Portiere Third 2024/25;SI;Uomo;XS;Verde;95.0
Kit Da Gara;Maglia; Milan Home Portiere Third 2024/25;SI;Uomo;S;Verde;95.0
Kit Da Gara;Maglia; Milan Home Portiere Third 2024/25;SI;Uomo;M;Verde;95.0
Kit Da Gara;Maglia; Milan Home Portiere Third 2024/25;SI;Uomo;L;Verde;95.0
Kit Da Gara;Maglia; Milan Home Portiere Third 2024/25;SI;Uomo;XL;Verde;95.0
Kit Da Gara;Maglia; Milan Home Portiere Third 2024/25;SI;Uomo;XXL;Verde;95.0
Kit Da Gara;Maglia; Milan Home Portiere Third 2024/25;SI;Donna;XS;Verde;95.0
Kit Da Gara;Maglia; Milan Home Portiere Third 2024/25;SI;Donna;S;Verde;95.0
Kit Da Gara;Maglia; Milan Home Portiere Third 2024/25;SI;Donna;M;Verde;95.0
Kit Da Gara;Maglia; Milan Home Portiere Third 2024/25;SI;Donna;L;Verde;95.0
Kit Da Gara;Maglia; Milan Home Portiere Third 2024/25;SI;Donna;XL;Verde;95.0
Kit Da Gara;Maglia; Milan Home Portiere Third 2024/25;SI;Donna;XXL;Verde;95.0
Kit Da Gara;Maglia; Milan Home Portiere Third 2024/25;SI;Bambino;6 anni;Verde;75.0
Kit Da Gara;Maglia; Milan Home Portiere Third 2024/25;SI;Bambino;8 anni;Verde;75.0
Kit Da Gara;Maglia; Milan Home Portiere Third 2024/25;SI;Bambino;10 anni;Verde;75.0
Kit Da Gara;Maglia; Milan Home Portiere Third 2024/25;SI;Bambino;12 anni;Verde;75.0
Kit Da Gara;Maglia; Milan Home Portiere Third 2024/25;SI;Bambino;14 anni;Verde;75.0
Kit Da Gara;Pantaloncini; Milan Gara Home 2024/25;SI;Uomo;XS;Bianca;45.0
Kit Da Gara;Pantaloncini; Milan Gara Home 2024/25;SI;Uomo;S;Bianca;45.0
Kit Da Gara;Pantaloncini; Milan Gara Home 2024/25;SI;Uomo;M;Bianca;45.0
Kit Da Gara;Pantaloncini; Milan Gara Home 2024/25;SI;Uomo;L;Bianca;45.0
Kit Da Gara;Pantaloncini; Milan Gara Home 2024/25;SI;Uomo;XL;Bianca;45.0
Kit Da Gara;Pantaloncini; Milan Gara Home 2024/25;SI;Uomo;XXL;Bianca;45.0
Kit Da Gara;Pantaloncini; Milan Gara Home 2024/25;SI;Bambino;6 anni;Bianca;40.0
Kit Da Gara;Pantaloncini; Milan Gara Home 2024/25;SI;Bambino;8 anni;Bianca;40.0
Kit Da Gara;Pantaloncini; Milan Gara Home 2024/25;SI;Bambino;10 anni;Bianca;40.0
Kit Da Gara;Pantaloncini; Milan Gara Home 2024/25;SI;Bambino;12 anni;Bianca;40.0
Kit Da Gara;Pantaloncini; Milan Gara Home 2024/25;SI;Bambino;14 anni;Bianca;40.0
Kit Da Gara;Pantaloncini;Milan Gara Away 2024/25;SI;Uomo;XS;Nero;45.0
Kit Da Gara;Pantaloncini;Milan Gara Away 2024/25;SI;Uomo;S;Nero;45.0
Kit Da Gara;Pantaloncini;Milan Gara Away 2024/25;SI;Uomo;M;Nero;45.0
Kit Da Gara;Pantaloncini;Milan Gara Away 2024/25;SI;Uomo;L;Nero;45.0
Kit Da Gara;Pantaloncini;Milan Gara Away 2024/25;SI;Uomo;XL;Nero;45.0
Kit Da Gara;Pantaloncini;Milan Gara Away 2024/25;SI;Uomo;XXL;Nero;45.0
Kit Da Gara;Pantaloncini;Milan Gara Away 2024/25;SI;Bambino;6 anni;Nero;40.0
Kit Da Gara;Pantaloncini;Milan Gara Away 2024/25;SI;Bambino;8 anni;Nero;40.0
Kit Da Gara;Pantaloncini;Milan Gara Away 2024/25;SI;Bambino;10 anni;Nero;40.0
Kit Da Gara;Pantaloncini;Milan Gara Away 2024/25;SI;Bambino;12 anni;Nero;40.0
Kit Da Gara;Pantaloncini;Milan Gara Away 2024/25;SI;Bambino;14 anni;Nero;40.0
Kit Da Gara;Pantaloncini; Milan Gara Third 2024/25;SI;Uomo;XS;Grey;45.0
Kit Da Gara;Pantaloncini; Milan Gara Third 2024/25;SI;Uomo;S;Grey;45.0
Kit Da Gara;Pantaloncini; Milan Gara Third 2024/25;SI;Uomo;M;Grey;45.0
Kit Da Gara;Pantaloncini; Milan Gara Third 2024/25;SI;Uomo;L;Grey;45.0
Kit Da Gara;Pantaloncini; Milan Gara Third 2024/25;SI;Uomo;XL;Grey;45.0
Kit Da Gara;Pantaloncini; Milan Gara Third 2024/25;SI;Uomo;XXL;Grey;45.0
Kit Da Gara;Pantaloncini; Milan Gara Third 2024/25;SI;Bambino;6 anni;Grey;40.0
Kit Da Gara;Pantaloncini; Milan Gara Third 2024/25;SI;Bambino;8 anni;Grey;40.0
Kit Da Gara;Pantaloncini; Milan Gara Third 2024/25;SI;Bambino;10 anni;Grey;40.0
Kit Da Gara;Pantaloncini; Milan Gara Third 2024/25;SI;Bambino;12 anni;Grey;40.0
Kit Da Gara;Pantaloncini; Milan Gara Third 2024/25;SI;Bambino;14 anni;Grey;40.0
Kit Da Gara;Pantaloncini; Milan Gara Home Authentic 2024/25;SI;Uomo;XS;Bianca;60.0
Kit Da Gara;Pantaloncini; Milan Gara Home Authentic 2024/25;SI;Uomo;S;Bianca;60.0
Kit Da Gara;Pantaloncini; Milan Gara Home Authentic 2024/25;SI;Uomo;M;Bianca;60.0
Kit Da Gara;Pantaloncini; Milan Gara Home Authentic 2024/25;SI;Uomo;L;Bianca;60.0
Kit Da Gara;Pantaloncini; Milan Gara Home Authentic 2024/25;SI;Uomo;XL;Bianca;60.0
Kit Da Gara;Pantaloncini; Milan Gara Home Authentic 2024/25;SI;Uomo;XXL;Bianca;60.0
Kit Da Gara;Pantaloncini; Milan Gara Home Portiere 2024/25;SI;Uomo;XS;Nero;45.0
Kit Da Gara;Pantaloncini; Milan Gara Home Portiere 2024/25;SI;Uomo;S;Nero;45.0
Kit Da Gara;Pantaloncini; Milan Gara Home Portiere 2024/25;SI;Uomo;M;Nero;45.0
Kit Da Gara;Pantaloncini; Milan Gara Home Portiere 2024/25;SI;Uomo;L;Nero;45.0
Kit Da Gara;Pantaloncini; Milan Gara Home Portiere 2024/25;SI;Uomo;XL;Nero;45.0
Kit Da Gara;Pantaloncini; Milan Gara Home Portiere 2024/25;SI;Uomo;XXL;Nero;45.0
Kit Da Gara;Pantaloncini; Milan Gara Home Portiere 2024/25;SI;Bambino;6 anni;Nero;40.0
Kit Da Gara;Pantaloncini; Milan Gara Home Portiere 2024/25;SI;Bambino;8 anni;Nero;40.0
Kit Da Gara;Pantaloncini; Milan Gara Home Portiere 2024/25;SI;Bambino;10 anni;Nero;40.0
Kit Da Gara;Pantaloncini; Milan Gara Home Portiere 2024/25;SI;Bambino;12 anni;Nero;40.0
Kit Da Gara;Pantaloncini; Milan Gara Home Portiere 2024/25;SI;Bambino;14 anni;Nero;40.0
Kit Da Gara;Pantaloncini; Milan Gara Away Portiere 2024/25;SI;Uomo;XS;Giallo;45.0
Kit Da Gara;Pantaloncini; Milan Gara Away Portiere 2024/25;SI;Uomo;S;Giallo;45.0
Kit Da Gara;Pantaloncini; Milan Gara Away Portiere 2024/25;SI;Uomo;M;Giallo;45.0
Kit Da Gara;Pantaloncini; Milan Gara Away Portiere 2024/25;SI;Uomo;L;Giallo;45.0
Kit Da Gara;Pantaloncini; Milan Gara Away Portiere 2024/25;SI;Uomo;XL;Giallo;45.0
Kit Da Gara;Pantaloncini; Milan Gara Away Portiere 2024/25;SI;Uomo;XXL;Giallo;45.0
Kit Da Gara;Pantaloncini; Milan Gara Away Portiere 2024/25;SI;Bambino;6 anni;Giallo;40.0
Kit Da Gara;Pantaloncini; Milan Gara Away Portiere 2024/25;SI;Bambino;8 anni;Giallo;40.0
Kit Da Gara;Pantaloncini; Milan Gara Away Portiere 2024/25;SI;Bambino;10 anni;Giallo;40.0
Kit Da Gara;Pantaloncini; Milan Gara Away Portiere 2024/25;SI;Bambino;12 anni;Giallo;40.0
Kit Da Gara;Pantaloncini; Milan Gara Away Portiere 2024/25;SI;Bambino;14 anni;Giallo;40.0
Kit Da Gara;Pantaloncini;Milan Gara Third Portiere 2024/25;SI;Uomo;XS;Verde;45.0
Kit Da Gara;Pantaloncini;Milan Gara Third Portiere 2024/25;SI;Uomo;S;Verde;45.0
Kit Da Gara;Pantaloncini;Milan Gara Third Portiere 2024/25;SI;Uomo;M;Verde;45.0
Kit Da Gara;Pantaloncini;Milan Gara Third Portiere 2024/25;SI;Uomo;L;Verde;45.0
Kit Da Gara;Pantaloncini;Milan Gara Third Portiere 2024/25;SI;Uomo;XL;Verde;45.0
Kit Da Gara;Pantaloncini;Milan Gara Third Portiere 2024/25;SI;Uomo;XXL;Verde;45.0
Kit Da Gara;Pantaloncini;Milan Gara Third Portiere 2024/25;SI;Bambino;6 anni;Verde;40.0
Kit Da Gara;Pantaloncini;Milan Gara Third Portiere 2024/25;SI;Bambino;8 anni;Verde;40.0
Kit Da Gara;Pantaloncini;Milan Gara Third Portiere 2024/25;SI;Bambino;10 anni;Verde;40.0
Kit Da Gara;Pantaloncini;Milan Gara Third Portiere 2024/25;SI;Bambino;12 anni;Verde;40.0
Kit Da Gara;Pantaloncini;Milan Gara Third Portiere 2024/25;SI;Bambino;14 anni;Verde;40.0
Kit Da Gara;Calzettoni; Milan Gara Home 2024/25;SI;Uomo;OO1;Nero;20.0
Kit Da Gara;Calzettoni; Milan Gara Home 2024/25;SI;Uomo;OO2;Nero;20.0
Kit Da Gara;Calzettoni; Milan Gara Home 2024/25;SI;Uomo;OO3;Nero;20.0
Kit Da Gara;Calzettoni; Milan Gara Home 2024/25;SI;Uomo;OO4;Nero;20.0
Kit Da Gara;Calzettoni; Milan Gara Home 2024/25;SI;Uomo;OO5;Nero;20.0
Kit Da Gara;Calzettoni;Milan Gara Away 2024/25;SI;Uomo;OO1;Bianca;20.0
Kit Da Gara;Calzettoni;Milan Gara Away 2024/25;SI;Uomo;OO2;Bianca;20.0
Kit Da Gara;Calzettoni;Milan Gara Away 2024/25;SI;Uomo;OO3;Bianca;20.0
Kit Da Gara;Calzettoni;Milan Gara Away 2024/25;SI;Uomo;OO4;Bianca;20.0
Kit Da Gara;Calzettoni;Milan Gara Away 2024/25;SI;Uomo;OO5;Bianca;20.0
Kit Da Gara;Calzettoni; Milan Gara Third 2024/25;SI;Uomo;OO1;Grey;20.0
Kit Da Gara;Calzettoni; Milan Gara Third 2024/25;SI;Uomo;OO2;Grey;20.0
Kit Da Gara;Calzettoni; Milan Gara Third 2024/25;SI;Uomo;OO3;Grey;20.0
Kit Da Gara;Calzettoni; Milan Gara Third 2024/25;SI;Uomo;OO4;Grey;20.0
Kit Da Gara;Calzettoni; Milan Gara Third 2024/25;SI;Uomo;OO5;Grey;20.0
Kit Da Gara;Calzettoni;Milan Gara Home Portiere 2024/25;SI;Uomo;OO1;Nero;20.0
Kit Da Gara;Calzettoni;Milan Gara Home Portiere 2024/25;SI;Uomo;OO2;Nero;20.0
Kit Da Gara;Calzettoni;Milan Gara Home Portiere 2024/25;SI;Uomo;OO3;Nero;20.0
Kit Da Gara;Calzettoni;Milan Gara Home Portiere 2024/25;SI;Uomo;OO4;Nero;20.0
Kit Da Gara;Calzettoni;Milan Gara Home Portiere 2024/25;SI;Uomo;OO5;Nero;20.0
Kit Da Gara;Calzettoni; Milan Gara Away Portiere 2024/25;SI;Uomo;OO1;Giallo;20.0
Kit Da Gara;Calzettoni; Milan Gara Away Portiere 2024/25;SI;Uomo;OO2;Giallo;20.0
Kit Da Gara;Calzettoni; Milan Gara Away Portiere 2024/25;SI;Uomo;OO3;Giallo;20.0
Kit Da Gara;Calzettoni; Milan Gara Away Portiere 2024/25;SI;Uomo;OO4;Giallo;20.0
Kit Da Gara;Calzettoni; Milan Gara Away Portiere 2024/25;SI;Uomo;OO5;Giallo;20.0
Kit Da Gara;Calzettoni; Milan Gara Third Portiere 2024/25;SI;Uomo;OO1;Verde;20.0
Kit Da Gara;Calzettoni; Milan Gara Third Portiere 2024/25;SI;Uomo;OO2;Verde;20.0
Kit Da Gara;Calzettoni; Milan Gara Third Portiere 2024/25;SI;Uomo;OO3;Verde;20.0
Kit Da Gara;Calzettoni; Milan Gara Third Portiere 2024/25;SI;Uomo;OO4;Verde;20.0
Kit Da Gara;Calzettoni; Milan Gara Third Portiere 2024/25;SI;Uomo;OO5;Verde;20.0
Allenamento;Maglia;Milan Training 2024/25;SI;Uomo;S;Nero;50.0
Allenamento;Maglia;Milan Training 2024/25;SI;Uomo;M;Nero;50.0
Allenamento;Maglia;Milan Training 2024/25;SI;Uomo;L;Nero;50.0
Allenamento;Maglia;Milan Training 2024/25;SI;Uomo;XL;Nero;50.0
Allenamento;Maglia;Milan Training 2024/25;SI;Uomo;XXL;Nero;50.0
Allenamento;Maglia;Milan Training Senza Maniche 2024/25;SI;Uomo;S;Nero;45.0
Allenamento;Maglia;Milan Training Senza Maniche 2024/25;SI;Uomo;M;Nero;45.0
Allenamento;Maglia;Milan Training Senza Maniche 2024/25;SI;Uomo;L;Nero;45.0
Allenamento;Maglia;Milan Training Senza Maniche 2024/25;SI;Uomo;XL;Nero;45.0
Allenamento;Maglia;Milan Training Senza Maniche 2024/25;SI;Uomo;XXL;Nero;45.0
Allenamento;Maglia;Milan  Pre Match 2024/25;SI;Uomo;XS;Nero e Rosso;70.0
Allenamento;Maglia;Milan  Pre Match 2024/25;SI;Uomo;S;Nero e Rosso;70.0
Allenamento;Maglia;Milan  Pre Match 2024/25;SI;Uomo;M;Nero e Rosso;70.0
Allenamento;Maglia;Milan  Pre Match 2024/25;SI;Uomo;L;Nero e Rosso;70.0
Allenamento;Maglia;Milan  Pre Match 2024/25;SI;Uomo;XL;Nero e Rosso;70.0
Allenamento;Maglia;Milan  Pre Match 2024/25;SI;Uomo;XXL;Nero e Rosso;70.0
Allenamento;Maglia;Milan Training 2024/25;SI;Uomo;S;Grigio;50.0
Allenamento;Maglia;Milan Training 2024/25;SI;Uomo;M;Grigio;50.0
Allenamento;Maglia;Milan Training 2024/25;SI;Uomo;L;Grigio;50.0
Allenamento;Maglia;Milan Training 2024/25;SI;Uomo;XL;Grigio;50.0
Allenamento;Maglia;Milan Training 2024/25;SI;Uomo;XXL;Grigio;50.0
Allenamento;Maglia;Milan Training 2024/25;NO;Uomo;S;Verde Acqua;50.0
Allenamento;Maglia;Milan Training 2024/25;SI;Uomo;M;Verde Acqua;50.0
Allenamento;Maglia;Milan Training 2024/25;NO;Uomo;L;Verde Acqua;50.0
Allenamento;Maglia;Milan Training 2024/25;SI;Uomo;XL;Verde Acqua;50.0
Allenamento;Maglia;Milan Training 2024/25;SI;Uomo;XXL;Verde Acqua;50.0
Allenamento;Maglia;Milan  Pre Match 2024/25;SI;Uomo;XS;Rosa;70.0
Allenamento;Maglia;Milan  Pre Match 2024/25;SI;Uomo;S;Rosa;70.0
Allenamento;Maglia;Milan  Pre Match 2024/25;SI;Uomo;M;Rosa;70.0
Allenamento;Maglia;Milan  Pre Match 2024/25;SI;Uomo;L;Rosa;70.0
Allenamento;Maglia;Milan  Pre Match 2024/25;SI;Uomo;XL;Rosa;70.0
Allenamento;Maglia;Milan  Pre Match 2024/25;SI;Uomo;XXL;Rosa;70.0
Allenamento;Maglia;Milan  Pre Match 2024/25;SI;Uomo;XS;Oro;70.0
Allenamento;Maglia;Milan  Pre Match 2024/25;SI;Uomo;S;Oro;70.0
Allenamento;Maglia;Milan  Pre Match 2024/25;SI;Uomo;M;Oro;70.0
Allenamento;Maglia;Milan  Pre Match 2024/25;SI;Uomo;L;Oro;70.0
Allenamento;Maglia;Milan  Pre Match 2024/25;SI;Uomo;XL;Oro;70.0
Allenamento;Maglia;Milan  Pre Match 2024/25;SI;Uomo;XXL;Oro;70.0
Allenamento;Maglia;Milan Training 2024/25;SI;Uomo;S;Bianco e Oro;50.0
Allenamento;Maglia;Milan Training 2024/25;SI;Uomo;M;Bianco e Oro;50.0
Allenamento;Maglia;Milan Training 2024/25;SI;Uomo;L;Bianco e Oro;50.0
Allenamento;Maglia;Milan Training 2024/25;SI;Uomo;XL;Bianco e Oro;50.0
Allenamento;Maglia;Milan Training 2024/25;SI;Uomo;XXL;Bianco e Oro;50.0
Allenamento;Maglia;Milan Training Senza Maniche 2023/24;NO;Uomo;S;Rosso;27.0
Allenamento;Maglia;Milan Training Senza Maniche 2023/24;NO;Uomo;M;Rosso;27.0
Allenamento;Maglia;Milan Training Senza Maniche 2023/24;NO;Uomo;L;Rosso;27.0
Allenamento;Maglia;Milan Training Senza Maniche 2023/24;NO;Uomo;XL;Rosso;27.0
Allenamento;Maglia;Milan Training Senza Maniche 2023/24;NO;Uomo;XXL;Rosso;27.0
Allenamento;Maglia;Milan Training Bambino 2024/25;SI;Bambino;6 anni;Bianco;45.0
Allenamento;Maglia;Milan Training Bambino 2024/25;SI;Bambino;8 anni;Bianco;45.0
Allenamento;Maglia;Milan Training Bambino 2024/25;SI;Bambino;10 anni;Bianco;45.0
Allenamento;Maglia;Milan Training Bambino 2024/25;SI;Bambino;12 anni;Bianco;45.0
Allenamento;Maglia;Milan Training Bambino 2024/25;SI;Bambino;14 anni;Bianco;45.0
Allenamento;Maglia;Milan Training Bambino 2024/25;SI;Bambino;6 anni;Nero;45.0
Allenamento;Maglia;Milan Training Bambino 2024/25;SI;Bambino;8 anni;Nero;45.0
Allenamento;Maglia;Milan Training Bambino 2024/25;SI;Bambino;10 anni;Nero;45.0
Allenamento;Maglia;Milan Training Bambino 2024/25;SI;Bambino;12 anni;Nero;45.0
Allenamento;Maglia;Milan Training Bambino 2024/25;SI;Bambino;14 anni;Nero;45.0
Allenamento;Maglia;Milan Training Bambino Pre Match 2024/25;SI;Bambino;6 anni;Rosso e Nero;65.0
Allenamento;Maglia;Milan Training Bambino Pre Match 2024/25;SI;Bambino;8 anni;Rosso e Nero;65.0
Allenamento;Maglia;Milan Training Bambino Pre Match 2024/25;SI;Bambino;10 anni;Rosso e Nero;65.0
Allenamento;Maglia;Milan Training Bambino Pre Match 2024/25;SI;Bambino;12 anni;Rosso e Nero;65.0
Allenamento;Maglia;Milan Training Bambino Pre Match 2024/25;SI;Bambino;14 anni;Rosso e Nero;65.0
Allenamento;Giacca;Milan Training 2024/25 Con Zip E Tasche;SI;Uomo;XS;Bianco e Oro;80.0
Allenamento;Giacca;Milan Training 2024/25 Con Zip E Tasche;SI;Uomo;S;Bianco e Oro;80.0
Allenamento;Giacca;Milan Training 2024/25 Con Zip E Tasche;SI;Uomo;M;Bianco e Oro;80.0
Allenamento;Giacca;Milan Training 2024/25 Con Zip E Tasche;SI;Uomo;L;Bianco e Oro;80.0
Allenamento;Giacca;Milan Training 2024/25 Con Zip E Tasche;SI;Uomo;XL;Bianco e Oro;80.0
Allenamento;Giacca;Milan Training 2024/25 Con Zip E Tasche;SI;Uomo;XXL;Bianco e Oro;80.0
Allenamento;Giacca;Milan Training  2024/25 Con Zip E Cappuccio;SI;Uomo;S;Nero;80.0
Allenamento;Giacca;Milan Training  2024/25 Con Zip E Cappuccio;SI;Uomo;M;Nero;80.0
Allenamento;Giacca;Milan Training  2024/25 Con Zip E Cappuccio;SI;Uomo;L;Nero;80.0
Allenamento;Giacca;Milan Training  2024/25 Con Zip E Cappuccio;SI;Uomo;XL;Nero;80.0
Allenamento;Giacca;Milan Training  2024/25 Con Zip E Cappuccio;SI;Uomo;XXL;Nero;80.0
Allenamento;Giacca;Milan Training 2024/25 Con Zip E Tasche;NO;Uomo;S;Nero e Rosso;80.0
Allenamento;Giacca;Milan Training 2024/25 Con Zip E Tasche;NO;Uomo;M;Nero e Rosso;80.0
Allenamento;Giacca;Milan Training 2024/25 Con Zip E Tasche;SI;Uomo;L;Nero e Rosso;80.0
Allenamento;Giacca;Milan Training 2024/25 Con Zip E Tasche;NO;Uomo;XL;Nero e Rosso;80.0
Allenamento;Giacca;Milan Training 2024/25 Con Zip E Tasche;SI;Uomo;XXL;Nero e Rosso;80.0
Allenamento;Giacca;Milan Training 1\4 Zip A Manica Lunga 2024/25 ;NO;Uomo;S;Nero;80.0
Allenamento;Giacca;Milan Training 1\4 Zip A Manica Lunga 2024/25 ;NO;Uomo;M;Nero;80.0
Allenamento;Giacca;Milan Training 1\4 Zip A Manica Lunga 2024/25 ;SI;Uomo;L;Nero;80.0
Allenamento;Giacca;Milan Training 1\4 Zip A Manica Lunga 2024/25 ;SI;Uomo;XL;Nero;80.0
Allenamento;Giacca;Milan Training 1\4 Zip A Manica Lunga 2024/25 ;SI;Uomo;XXL;Nero;80.0
Allenamento;Giacca;Milan  Pre Match 2024/25 Con Zip E Cappuccio;SI;Uomo;XS;Nero E Strisce Rosse;100.0
Allenamento;Giacca;Milan  Pre Match 2024/25 Con Zip E Cappuccio;SI;Uomo;S;Nero E Strisce Rosse;100.0
Allenamento;Giacca;Milan  Pre Match 2024/25 Con Zip E Cappuccio;SI;Uomo;M;Nero E Strisce Rosse;100.0
Allenamento;Giacca;Milan  Pre Match 2024/25 Con Zip E Cappuccio;SI;Uomo;L;Nero E Strisce Rosse;100.0
Allenamento;Giacca;Milan  Pre Match 2024/25 Con Zip E Cappuccio;SI;Uomo;XL;Nero E Strisce Rosse;100.0
Allenamento;Giacca;Milan  Pre Match 2024/25 Con Zip E Cappuccio;SI;Uomo;XXL;Nero E Strisce Rosse;100.0
Allenamento;Giacca;Milan Training  Pre Match 1\4 Zip 2024/25 ;SI;Uomo;S;Rosso e Nero;95.0
Allenamento;Giacca;Milan Training  Pre Match 1\4 Zip 2024/25 ;SI;Uomo;M;Rosso e Nero;95.0
Allenamento;Giacca;Milan Training  Pre Match 1\4 Zip 2024/25 ;SI;Uomo;L;Rosso e Nero;95.0
Allenamento;Giacca;Milan Training  Pre Match 1\4 Zip 2024/25 ;SI;Uomo;XL;Rosso e Nero;95.0
Allenamento;Giacca;Milan Training  Pre Match 1\4 Zip 2024/25 ;SI;Uomo;XXL;Rosso e Nero;95.0
Allenamento;Giacca;Milan Training 2024/25 Con Zip E Tasche;SI;Uomo;S;Verde Acqua;80.0
Allenamento;Giacca;Milan Training 2024/25 Con Zip E Tasche;SI;Uomo;M;Verde Acqua;80.0
Allenamento;Giacca;Milan Training 2024/25 Con Zip E Tasche;SI;Uomo;L;Verde Acqua;80.0
Allenamento;Giacca;Milan Training 2024/25 Con Zip E Tasche;SI;Uomo;XL;Verde Acqua;80.0
Allenamento;Giacca;Milan Training 2024/25 Con Zip E Tasche;SI;Uomo;XXL;Verde Acqua;80.0
Allenamento;Giacca;Milan Training 1\4 Zip A Manica Lunga 2024/25 ;SI;Uomo;S;Verde Acqua;75.0
Allenamento;Giacca;Milan Training 1\4 Zip A Manica Lunga 2024/25 ;SI;Uomo;M;Verde Acqua;75.0
Allenamento;Giacca;Milan Training 1\4 Zip A Manica Lunga 2024/25 ;SI;Uomo;L;Verde Acqua;75.0
Allenamento;Giacca;Milan Training 1\4 Zip A Manica Lunga 2024/25 ;SI;Uomo;XL;Verde Acqua;75.0
Allenamento;Giacca;Milan Training 1\4 Zip A Manica Lunga 2024/25 ;SI;Uomo;XXL;Verde Acqua;75.0
Allenamento;Giacca;Milan Training  Pre Match 2024/25 Con Zip E Cappuccio;SI;Uomo;XS;Grigio;100.0
Allenamento;Giacca;Milan Training  Pre Match 2024/25 Con Zip E Cappuccio;SI;Uomo;S;Grigio;100.0
Allenamento;Giacca;Milan Training  Pre Match 2024/25 Con Zip E Cappuccio;SI;Uomo;M;Grigio;100.0
Allenamento;Giacca;Milan Training  Pre Match 2024/25 Con Zip E Cappuccio;SI;Uomo;L;Grigio;100.0
Allenamento;Giacca;Milan Training  Pre Match 2024/25 Con Zip E Cappuccio;SI;Uomo;XL;Grigio;100.0
Allenamento;Giacca;Milan Training  Pre Match 2024/25 Con Zip E Cappuccio;SI;Uomo;XXL;Grigio;100.0
Allenamento;Giacca;Milan Training  Pre Match 2024/25 Con Zip E Cappuccio;SI;Uomo;XS;Marrone;100.0
Allenamento;Giacca;Milan Training  Pre Match 2024/25 Con Zip E Cappuccio;SI;Uomo;S;Marrone;100.0
Allenamento;Giacca;Milan Training  Pre Match 2024/25 Con Zip E Cappuccio;SI;Uomo;M;Marrone;100.0
Allenamento;Giacca;Milan Training  Pre Match 2024/25 Con Zip E Cappuccio;SI;Uomo;L;Marrone;100.0
Allenamento;Giacca;Milan Training  Pre Match 2024/25 Con Zip E Cappuccio;SI;Uomo;XL;Marrone;100.0
Allenamento;Giacca;Milan Training  Pre Match 2024/25 Con Zip E Cappuccio;SI;Uomo;XXL;Marrone;100.0
Allenamento;Giacca;Milan Training 2024/25 Con Zip E Tasche;SI;Bambino;6 anni;Bianco e Oro;75.0
Allenamento;Giacca;Milan Training 2024/25 Con Zip E Tasche;SI;Bambino;8 anni;Bianco e Oro;75.0
Allenamento;Giacca;Milan Training 2024/25 Con Zip E Tasche;SI;Bambino;10 anni;Bianco e Oro;75.0
Allenamento;Giacca;Milan Training 2024/25 Con Zip E Tasche;SI;Bambino;12 anni;Bianco e Oro;75.0
Allenamento;Giacca;Milan Training 2024/25 Con Zip E Tasche;SI;Bambino;14 anni;Bianco e Oro;75.0
Allenamento;Giacca;Milan  Pre Match 2024/25 Con Zip E Cappuccio;SI;Bambino;6 anni;Nero E Strisce Rosse;95.0
Allenamento;Giacca;Milan  Pre Match 2024/25 Con Zip E Cappuccio;SI;Bambino;8 anni;Nero E Strisce Rosse;95.0
Allenamento;Giacca;Milan  Pre Match 2024/25 Con Zip E Cappuccio;SI;Bambino;10 anni;Nero E Strisce Rosse;95.0
Allenamento;Giacca;Milan  Pre Match 2024/25 Con Zip E Cappuccio;SI;Bambino;12 anni;Nero E Strisce Rosse;95.0
Allenamento;Giacca;Milan  Pre Match 2024/25 Con Zip E Cappuccio;SI;Bambino;14 anni;Nero E Strisce Rosse;95.0
Allenamento;Giacca;Milan Training 2024/25 Con Zip E Tasche;SI;Bambino;6 anni;Nero e Rosso;75.0
Allenamento;Giacca;Milan Training 2024/25 Con Zip E Tasche;SI;Bambino;8 anni;Nero e Rosso;75.0
Allenamento;Giacca;Milan Training 2024/25 Con Zip E Tasche;SI;Bambino;10 anni;Nero e Rosso;75.0
Allenamento;Giacca;Milan Training 2024/25 Con Zip E Tasche;SI;Bambino;12 anni;Nero e Rosso;75.0
Allenamento;Giacca;Milan Training 2024/25 Con Zip E Tasche;SI;Bambino;14 anni;Nero e Rosso;75.0
Allenamento;Maglia;Milan Training 1\4 Zip A Manica Lunga 2024/25 ;SI;Uomo;XS;Bianco e Oro;75.0
Allenamento;Maglia;Milan Training 1\4 Zip A Manica Lunga 2024/25 ;SI;Uomo;S;Bianco e Oro;75.0
Allenamento;Maglia;Milan Training 1\4 Zip A Manica Lunga 2024/25 ;SI;Uomo;M;Bianco e Oro;75.0
Allenamento;Maglia;Milan Training 1\4 Zip A Manica Lunga 2024/25 ;SI;Uomo;L;Bianco e Oro;75.0
Allenamento;Maglia;Milan Training 1\4 Zip A Manica Lunga 2024/25 ;SI;Uomo;XL;Bianco e Oro;75.0
Allenamento;Maglia;Milan Training 1\4 Zip A Manica Lunga 2024/25 ;SI;Uomo;XXL;Bianco e Oro;75.0
Allenamento;Maglia;Milan Training 1\4 Zip A Manica Lunga 2024/25 ;SI;Uomo;XS;Nero;75.0
Allenamento;Maglia;Milan Training 1\4 Zip A Manica Lunga 2024/25 ;SI;Uomo;S;Nero;75.0
Allenamento;Maglia;Milan Training 1\4 Zip A Manica Lunga 2024/25 ;SI;Uomo;M;Nero;75.0
Allenamento;Maglia;Milan Training 1\4 Zip A Manica Lunga 2024/25 ;SI;Uomo;L;Nero;75.0
Allenamento;Maglia;Milan Training 1\4 Zip A Manica Lunga 2024/25 ;SI;Uomo;XL;Nero;75.0
Allenamento;Maglia;Milan Training 1\4 Zip A Manica Lunga 2024/25 ;SI;Uomo;XXL;Nero;75.0
Allenamento;Maglia;Milan Pre Match 1\4 Zip 2024/25 ;SI;Uomo;XS;Rosa;95.0
Allenamento;Maglia;Milan Pre Match 1\4 Zip 2024/25 ;SI;Uomo;S;Rosa;95.0
Allenamento;Maglia;Milan Pre Match 1\4 Zip 2024/25 ;SI;Uomo;M;Rosa;95.0
Allenamento;Maglia;Milan Pre Match 1\4 Zip 2024/25 ;SI;Uomo;L;Rosa;95.0
Allenamento;Maglia;Milan Pre Match 1\4 Zip 2024/25 ;SI;Uomo;XL;Rosa;95.0
Allenamento;Maglia;Milan Pre Match 1\4 Zip 2024/25 ;SI;Uomo;XXL;Rosa;95.0
Allenamento;Pantaloncini;Milan Training 2024/25;SI;Uomo;S;Nero;45.0
Allenamento;Pantaloncini;Milan Training 2024/25;SI;Uomo;M;Nero;45.0
Allenamento;Pantaloncini;Milan Training 2024/25;SI;Uomo;L;Nero;45.0
Allenamento;Pantaloncini;Milan Training 2024/25;SI;Uomo;XL;Nero;45.0
Allenamento;Pantaloncini;Milan Training 2024/25;SI;Uomo;XXL;Nero;45.0
Allenamento;Pantaloncini;Milan Training 2024/25;SI;Uomo;S;Verde Acqua;45.0
Allenamento;Pantaloncini;Milan Training 2024/25;NO;Uomo;M;Verde Acqua;45.0
Allenamento;Pantaloncini;Milan Training 2024/25;NO;Uomo;L;Verde Acqua;45.0
Allenamento;Pantaloncini;Milan Training 2024/25;SI;Uomo;XL;Verde Acqua;45.0
Allenamento;Pantaloncini;Milan Training 2024/25;SI;Uomo;XXL;Verde Acqua;45.0
Allenamento;Pantaloncini;Milan Training 2024/25 ;SI;Bambino;6 anni;Nero;40.0
Allenamento;Pantaloncini;Milan Training 2024/25 ;SI;Bambino;8 anni;Nero;40.0
Allenamento;Pantaloncini;Milan Training 2024/25 ;SI;Bambino;10 anni;Nero;40.0
Allenamento;Pantaloncini;Milan Training 2024/25 ;SI;Bambino;12 anni;Nero;40.0
Allenamento;Pantaloncini;Milan Training 2024/25 ;SI;Bambino;14 anni;Nero;40.0
Allenamento;Pantaloni;Allenamento Milan 2024/25;SI;Uomo;S;Nero;75.0
Allenamento;Pantaloni;Allenamento Milan 2024/25;NO;Uomo;M;Nero;75.0
Allenamento;Pantaloni;Allenamento Milan 2024/25;SI;Uomo;L;Nero;75.0
Allenamento;Pantaloni;Allenamento Milan 2024/25;SI;Uomo;XL;Nero;75.0
Allenamento;Pantaloni;Allenamento Milan 2024/25;SI;Uomo;XXL;Nero;75.0
Allenamento;Pantaloni;Allenamento Milan 2024/25;SI;Uomo;S;Verde Acqua;75.0
Allenamento;Pantaloni;Allenamento Milan 2024/25;SI;Uomo;M;Verde Acqua;75.0
Allenamento;Pantaloni;Allenamento Milan 2024/25;SI;Uomo;L;Verde Acqua;75.0
Allenamento;Pantaloni;Allenamento Milan 2024/25;SI;Uomo;XL;Verde Acqua;75.0
Allenamento;Pantaloni;Allenamento Milan 2024/25;SI;Uomo;XXL;Verde Acqua;75.0
Allenamento;Pantaloni;Milan Pre Match 2024/25;SI;Uomo;S;Nero;80.0
Allenamento;Pantaloni;Milan Pre Match 2024/25;SI;Uomo;M;Nero;80.0
Allenamento;Pantaloni;Milan Pre Match 2024/25;NO;Uomo;L;Nero;80.0
Allenamento;Pantaloni;Milan Pre Match 2024/25;SI;Uomo;XL;Nero;80.0
Allenamento;Pantaloni;Milan Pre Match 2024/25;SI;Uomo;XXL;Nero;80.0
Allenamento;Pantaloni;Milan Pre Match 2024/25;SI;Uomo;S;Marrone;80.0
Allenamento;Pantaloni;Milan Pre Match 2024/25;NO;Uomo;M;Marrone;80.0
Allenamento;Pantaloni;Milan Pre Match 2024/25;NO;Uomo;L;Marrone;80.0
Allenamento;Pantaloni;Milan Pre Match 2024/25;NO;Uomo;XL;Marrone;80.0
Allenamento;Pantaloni;Milan Pre Match 2024/25;SI;Uomo;XXL;Marrone;80.0
Allenamento;Pantaloni;Training Kids' Pants 2024/25;SI;Bambino;6 anni;Nero;65.0
Allenamento;Pantaloni;Training Kids' Pants 2024/25;SI;Bambino;8 anni;Nero;65.0
Allenamento;Pantaloni;Training Kids' Pants 2024/25;SI;Bambino;10 anni;Nero;65.0
Allenamento;Pantaloni;Training Kids' Pants 2024/25;SI;Bambino;12 anni;Nero;65.0
Allenamento;Pantaloni;Training Kids' Pants 2024/25;SI;Bambino;14 anni;Nero;65.0
Allenamento;Pallone;Milan Storico 125° Anniversario;No;Unisex;OO5;Marrone;60.0
Allenamento;Pallone;Puma Orbita Serie A HYB;SI;Unisex;OO5;-;30.0
Allenamento;Pallone;Milan Orbita 6 ms;SI;Unisex;68-70cm;-;30.0
Allenamento;Pallone;ACM ftblcore;SI;Unisex;68-70 cm;-;25.0
Allenamento;Pallone;Mini Pallone Essential;SI;Unisex;OO3;-;15.0
Allenamento;Pallone;Archive Milan;SI;Unisex;68-70 cm;-;27.0
Allenamento;Pallone;Da Calcio Teddy;Si;Unisex;OO1;-;13.0
Allenamento;Pallone;Bianco Milan Con Logo;Si;Unisex;OO5;-;22.0
Allenamento;Pallone;Milan Essential;NO;Unisex;OO5;-;25.0
Allenamento;Pallone;Milan Culture + ;SI;Unisex;OO5;-;25.0
Allenamento;Pallone;Milan Rosso Con Logo;SI;Unisex;OO5;Rosso;22.0
Allenamento;Pallone;Milan Nero Con Logo;SI;Unisex;OO5;Nero;22.0
Allenamento;Pallone;Milan Rosso Con Logo;SI;Unisex;OO1;Rosso;13.0
Allenamento;;;;;;;
Allenamento;;;;;;;
Allenamento;;;;;;;
Allenamento;;;;;;;
Allenamento;;;;;;;
Allenamento;;;;;;;
Allenamento;;;;;;;
Allenamento;;;;;;;
Allenamento;;;;;;;
Allenamento;;;;;;;
Allenamento;;;;;;;
Allenamento;;;;;;;
Allenamento;;;;;;;
Allenamento;;;;;;;
Allenamento;;;;;;;
Allenamento;;;;;;;
Allenamento;;;;;;;
Allenamento;;;;;;;
Allenamento;;;;;;;
Allenamento;;;;;;;
Allenamento;;;;;;;
Allenamento;;;;;;;
Allenamento;;;;;;;
Allenamento;;;;;;;
Allenamento;;;;;;;
Allenamento;;;;;;;
Allenamento;;;;;;;
Allenamento;;;;;;;
Allenamento;;;;;;;
Allenamento;;;;;;;
